date,sleep,depressed,elevated,irritability,anxiety
2026-01-01,12,4,2,2,2
2026-01-02,15,4,2,2,2
2026-01-03,16,4,2,2,2
2026-01-04,14,3,3,2,2
2026-01-05,12,4,2,2,2
2026-01-06,17,3,2,2,2
2026-01-07,15,4,2,2,2
2026-01-08,16,4,2,2,2
2026-01-09,19,4,1,2,3
2026-01-10,15,4,2,2,2
2026-01-11,9,4,2,3,4
2026-01-12,14,4,2,2,2
2026-01-13,15.5,4,2,2,3
2026-01-14,18,4,2,2,4
2026-01-15,17,4,2,2,3
2026-01-16,16,4,3,2,3
2026-01-17,15,4,2,2,3
2026-01-18,14,4,3,1,2
2026-01-19,20,4,4,2,1
2026-01-20,8,2,4,3,2
2026-01-21,13,3,3,2,3
2026-01-22,16,3,3,2,3
2026-01-23,14,3,3,3,3
2026-01-24,9,4,4,2,4
2026-01-25,13,2,4,3,3
2026-01-26,11,3,3,2,3
2026-01-27,14.5,3,2,2,3
2026-01-28,16,4,2,3,3
2026-01-29,15,3,3,2,2
2026-01-30,20,4,2,2,2
2026-01-31,14,3,2,2,3
2026-02-01,18,4,2,3,3
2026-02-02,16,4,2,3,3
2026-02-03,16,4,3,2,3
2026-02-04,14,4,3,4,4
2026-02-05,10,3,3,3,3
2026-02-06,10,3,3,3,3
2026-02-07,13,4,3,3,3
2026-02-08,14,3,3,4,3
2026-02-09,12,3,3,2,4
2026-02-10,10,3,3,2,2
2026-02-11,18,3,2,1,3
2026-02-12,11,3,2,4,2
2026-02-13,10,3,2,1,4
2026-02-14,12,4,2,3,3
2026-02-15,9,4,2,2,3
2026-02-16,19.5,3,3,2,2
2026-02-17,10,3,2,3,3
2026-02-18,18.5,4,2,3,3
2026-02-19,14.5,4,3,4,4
2026-02-20,17,4,2,2,3
2026-02-21,12,3,3,2,3
2026-02-22,21,4,2,2,3
2026-02-23,3,3,3,2,2
2026-02-24,5,3,3,2,2
2026-02-25,14,2,3,3,2
2026-02-26,6,2,3,1,2
2026-02-27,8,2,3,1,2
2026-02-28,4,4,2,2,2
2026-03-01,20,4,2,1,2
2026-03-02,6,2,3,2,2
2026-03-03,4,2,3,2,3
2026-03-04,4,2,4,2,2
2026-03-05,4,2,3,2,2
2026-03-06,6,3,2,3,3
2026-03-07,16,4,2,4,3
2026-03-08,10,3,3,1,2
2026-03-09,10,3,3,2,2
2026-03-10,15,3,3,2,2
2026-03-11,12,2,3,2,2
2026-03-12,9,2,3,4,2
2026-03-13,14.5,2,4,4,2
2026-03-14,8.5,2,3,1,2
2026-03-15,10,3,2,4,3
2026-03-16,3.5,2,4,2,2
2026-03-17,4,3,3,1,2
2026-03-18,6,2,4,1,2
2026-03-19,10,2,3,2,2
2026-03-20,7,2,3,2,3
2026-03-21,4,2,3,1,2
2026-03-22,12,2,3,1,1
2026-03-23,6,2,3,2,2
2026-03-24,9.5,2,3,2,2
2026-03-25,5,3,3,2,2
2026-03-26,12.5,3,3,2,3
2026-03-27,5,3,3,3,3
2026-03-28,6.5,2,3,1,3
2026-03-29,8,4,4,3,4
2026-03-30,6,2,4,1,3
2026-03-31,2,2,4,4,4
2026-04-01,5,1,4,2,2
2026-04-02,4.5,1,4,2,2
2026-04-03,2,1,4,1,1
2026-04-04,9,1,4,1,1
2026-04-05,3,2,4,1,2
2026-04-06,6,2,4,1,3
2026-04-07,4,1,4,1,2
2026-04-08,5,1,4,1,1
2026-04-09,6,1,4,3,2
2026-04-10,5,1,4,1,2
2026-04-11,4,1,4,2,2
2026-04-12,6,2,4,4,3
2026-04-13,4,1,3,1,2
2026-04-14,4,1,4,2,2
2026-04-15,6,1,4,1,2
2026-04-16,6.5,2,4,3,2
2026-04-17,8.5,1,4,2,1
2026-04-18,5.5,1,4,1,2
2026-04-19,7.5,1,4,2,2
2026-04-20,5.5,2,3,1,1
2026-04-21,6,3,3,4,3
2026-04-22,10,3,3,2,2
2026-04-23,5,2,4,3,2
2026-04-24,3,2,4,4,3
2026-04-25,2,1,3,4,3
2026-04-26,3,2,4,3,2
2026-04-27,6,2,4,2,2
2026-04-28,7,2,4,2,2
2026-04-29,6.5,2,3,2,2
2026-04-30,5,1,4,1,2
2026-05-01,5.5,2,4,3,3
2026-05-02,6.5,2,4,2,2
2026-05-03,7,2,4,3,3
2026-05-04,3.5,3,4,4,4
2026-05-05,8.5,1,4,2,2
2026-05-06,4.5,1,4,2,2
2026-05-07,5,1,4,1,1
2026-05-08,5,1,4,4,3
2026-05-09,4,3,3,4,4
2026-05-10,7,2,4,3,3
2026-05-11,4,2,3,4,4
2026-05-12,11,2,3,4,4
2026-05-13,8,2,3,4,4
2026-05-14,9,2,4,3,3
2026-05-15,3.5,2,3,4,3
2026-05-16,4,2,3,4,3
2026-05-17,4.5,2,3,3,3
2026-05-18,6,2,4,3,3
2026-05-19,5,1,4,2,3
2026-05-20,5,1,4,2,3
2026-05-21,5,1,3,4,4
2026-05-22,4,2,4,3,3
2026-05-23,8,1,4,1,2
2026-05-24,4,2,4,3,4
2026-05-25,6,1,4,2,2
2026-05-26,5,1,4,2,2
2026-05-27,5,3,4,2,3
2026-05-28,7,1,4,1,2
2026-05-29,7,1,4,2,2
2026-05-30,5,1,4,2,2
2026-05-31,6,1,3,2,3
2026-06-01,5,2,4,2,2
2026-06-02,7.5,2,3,2,2
2026-06-03,4,2,3,2,2
2026-06-04,6,2,4,3,3
2026-06-05,3,1,4,3,3
2026-06-06,7,2,4,2,2
2026-06-07,5,1,4,1,2
2026-06-08,4,1,4,3,3
2026-06-09,3,2,4,3,3
2026-06-10,2.5,2,4,4,4
2026-06-11,9,1,2,4,4
2026-06-12,6,1,4,4,3
2026-06-13,6,1,4,2,2
2026-06-14,5,1,4,1,1
2026-06-15,3,1,4,3,3
2026-06-16,7,1,4,3,3
2026-06-17,4.5,2,3,3,3
2026-06-18,9,1,4,2,2
2026-06-19,4.5,1,3,2,2
2026-06-20,2.5,1,4,3,2
2026-06-21,4.5,2,4,4,3
2026-06-22,3.5,1,4,3,2
2026-06-23,2.5,2,4,2,3
2026-06-24,4.5,1,4,1,2
2026-06-25,7.5,1,4,2,2
2026-06-26,3.5,2,4,4,4
2026-06-27,3,2,4,4,3
2026-06-28,1.5,3,3,4,4
2026-06-29,11.5,1,4,2,2
2026-06-30,2.5,1,3,3,3
2026-07-01,2.5,2,4,4,3
2026-07-02,4,1,4,3,3
2026-07-03,5,2,4,4,3
2026-07-04,9,1,4,4,3
2026-07-05,3,2,4,3,3
2026-07-06,4,2,3,3,3
2026-07-07,7,1,3,3,3
2026-07-08,9,1,4,2,2
2026-07-09,4.5,1,3,3,3
2026-07-10,3,1,4,2,2
2026-07-11,9.5,1,4,2,2
2026-07-12,3,2,3,2,2
2026-07-13,4,2,3,2,2
2026-07-14,6,1,3,2,3
2026-07-15,3,2,3,1,3
2026-07-16,4,2,4,1,3
2026-07-17,4,2,4,1,2
2026-07-18,3.5,1,4,4,3
2026-07-19,12,3,3,3,3
2026-07-20,4,3,4,3,4
2026-07-21,7.5,3,3,4,3
2026-07-22,2,2,3,3,2
2026-07-23,7,2,3,2,2
2026-07-24,16,3,2,3,3
2026-07-25,5,2,3,3,2
2026-07-26,6.5,2,3,2,2
2026-07-27,18,3,2,3,3
2026-07-28,4,2,3,2,2
2026-07-29,4,2,3,4,3
2026-07-30,2,2,4,3,3
2026-07-31,8,2,4,2,3
2026-08-01,8.5,2,3,4,4
2026-08-02,7.5,2,4,2,2
2026-08-03,9.5,3,3,2,2
2026-08-04,3,3,3,2,3
2026-08-05,14.5,3,3,2,3
2026-08-06,10.5,3,3,2,3
2026-08-07,10.5,3,2,3,3
2026-08-08,11.5,3,3,2,3
2026-08-09,14.5,4,2,3,4
2026-08-10,11.5,4,2,3,4
2026-08-11,8,4,2,3,4
2026-08-12,12.5,4,1,2,4
2026-08-13,20,4,1,2,3
2026-08-14,14.5,4,1,2,3
