id,title,authors,year,journal,url,study_type,sample_size,treatments,conditions,other_topics,finding,conclusion,relevance,status
example-01,Example study 1 (placeholder),Example author,2024,Example journal,,Randomized controlled trial,120,fmt,rcdi,microbial-diversity;bile-acids,benefit,Placeholder: replace with the study's main conclusion in one or two sentences.,Placeholder: replace with why this study matters to the broader topic.,example
example-02,Example study 2 (placeholder),Example author,2023,Example journal,,Systematic review,,fmt,rcdi,,benefit,Placeholder conclusion.,Placeholder relevance.,example
example-03,Example study 3 (placeholder),Example author,2022,Example journal,,Randomized controlled trial,80,fmt,ulcerative-colitis,microbial-diversity,mixed,Placeholder conclusion.,Placeholder relevance.,example
example-04,Example study 4 (placeholder),Example author,2021,Example journal,,Meta-analysis,,probiotics,ibs,,mixed,Placeholder conclusion.,Placeholder relevance.,example
example-05,Example study 5 (placeholder),Example author,2023,Example journal,,Randomized controlled trial,200,probiotics,antibiotic-diarrhea,,benefit,Placeholder conclusion.,Placeholder relevance.,example
example-06,Example study 6 (placeholder),Example author,2020,Example journal,,Randomized controlled trial,60,prebiotics,ibs,scfa,no-effect,Placeholder conclusion.,Placeholder relevance.,example
example-07,Example study 7 (placeholder),Example author,2022,Example journal,,Cohort study,500,dietary-fiber,ulcerative-colitis,scfa;microbial-diversity,benefit,Placeholder conclusion.,Placeholder relevance.,example
example-08,Example study 8 (placeholder),Example author,2024,Example journal,,Animal study,,dietary-fiber,,scfa;bile-acids,n/a,Placeholder conclusion.,Placeholder relevance.,example
su-2022-a,Health improvements of type 2 diabetic patients through diet and diet plus fecal microbiota transplantation,Su et al.,2022,Scientific Reports,https://doi.org/10.1038/s41598-022-05127-9,Randomized controlled trial,8,probiotics;prebiotics;dietary-fiber,type-2-diabetes,microbial-diversity;bifidobacterium;sulfate-reducing-bacteria;prevotella,benefit,"In 8 people with type 2 diabetes, 90 days of a diet supplemented with probiotics, prebiotic fiber and whole grains significantly lowered BMI (24.8 to 23.4), HbA1c (8.3% to 6.6%) and systolic blood pressure (135 to 118 mmHg) compared with baseline. Fasting blood glucose fell sharply during the first 20 days (9.6 to 6.7 mmol/L) and partly rebounded by day 90, while Bifidobacterium increased and the sulfate-reducing bacterium Bilophila decreased.","Supports the idea that a fiber- and probiotic-rich diet can improve blood sugar control in type 2 diabetes alongside a shift toward bacteria considered beneficial. But it is a very small open-label study with no untreated comparison group, the first 20 days were a supervised hospital stay, and it was funded in part by the company that makes the diet products.",published
su-2022-b,Health improvements of type 2 diabetic patients through diet and diet plus fecal microbiota transplantation,Su et al.,2022,Scientific Reports,https://doi.org/10.1038/s41598-022-05127-9,Randomized controlled trial,5,fmt;probiotics;prebiotics;dietary-fiber,type-2-diabetes,microbial-diversity;prevotella;bifidobacterium;sulfate-reducing-bacteria,mixed,"Adding three weekly rounds of oral FMT capsules to the same diet in 5 people with type 2 diabetes brought earlier weight loss and faster gut microbiome change (toward Prevotella), and HbA1c (6.9% to 5.9%) and systolic blood pressure (133 to 109 mmHg) fell by day 20. However, clinical changes did not differ significantly from the diet-only group, which the authors attribute to the small sample, and HbA1c partly rebounded by day 90.","An early test of FMT as an add-on to diet for type 2 diabetes: it suggests FMT may speed up microbiome change and soften the diet-related drop in microbial diversity, with no adverse reactions reported, but it shows no added clinical benefit yet. With only 5 FMT patients (3 dropped out) and no placebo, it is best treated as a pilot.",published
