id,name,type,summary,entry
fmt,Fecal microbiota transplantation (FMT),treatment,Transferring stool from a screened donor to restore a healthier gut microbial community.,fecal-microbiota-transplantation
probiotics,Probiotics,treatment,Live microorganisms given to confer a health benefit.,
prebiotics,Prebiotics,treatment,Substrates that are selectively used by host microorganisms.,
dietary-fiber,Dietary fiber,treatment,Diet-based interventions that change what gut microbes have available to ferment.,
rcdi,Recurrent C. difficile infection,condition,C. difficile infection that returns after treatment.,
ibs,Irritable bowel syndrome (IBS),condition,A common disorder of gut-brain interaction with abdominal pain and altered bowel habits.,
ulcerative-colitis,Ulcerative colitis,condition,A form of inflammatory bowel disease affecting the colon.,
antibiotic-diarrhea,Antibiotic-associated diarrhea,condition,Diarrhea that develops during or after a course of antibiotics.,
scfa,Short-chain fatty acids,mechanism,Metabolites produced when gut bacteria ferment fiber.,
microbial-diversity,Microbial diversity,mechanism,The number and balance of different microbes in the gut.,what-is-the-gut-microbiome
bile-acids,Bile acids,mechanism,Digestive molecules that gut microbes modify.,
type-2-diabetes,Type 2 diabetes,condition,A long-term condition in which blood sugar stays too high because the body doesn't use insulin well.,
bifidobacterium,Bifidobacterium,mechanism,"A group of gut bacteria generally considered beneficial, and a common ingredient in probiotics.",
prevotella,Prevotella,mechanism,"A group of gut bacteria that tends to become more common with fiber-rich, plant-based diets.",
sulfate-reducing-bacteria,Sulfate-reducing bacteria,mechanism,Gut bacteria such as Bilophila and Desulfovibrio that have been linked to inflammation.,
